{
  "micro_f1": 0.1134020618556701,
  "micro_precision": 0.06276747503566334,
  "micro_recall": 0.5866666666666667,
  "macro_f1": 0.06235027411498,
  "macro_precision": 0.038386113386113384,
  "macro_recall": 0.23423423423423423,
  "samples_f1": 0.11174480254221993,
  "subset_accuracy": 0.0
}